{
  "project_info": {
    "project_number": "33869564883",
    "firebase_url": "https://forecastie-master-cd477.firebaseio.com",
    "project_id": "forecastie-master-cd477",
    "storage_bucket": "forecastie-master-cd477.appspot.com"
  },
  "client": [
    {
      "client_info": {
        "mobilesdk_app_id": "1:33869564883:android:b1e97a1b1fabbffe54bd26",
        "android_client_info": {
          "package_name": "cz.martykan.forecastie"
        }
      },
      "oauth_client": [
        {
          "client_id": "33869564883-b5lk2badp334f2r9jre94ga0mahho4oj.apps.googleusercontent.com",
          "client_type": 1,
          "android_info": {
            "package_name": "cz.martykan.forecastie",
            "certificate_hash": "bb576ddbc362fd660fb947bd948374e06f060816"
          }
        },
        {
          "client_id": "33869564883-hu0l04sq8dgb0r0osgtg1l9saaani3li.apps.googleusercontent.com",
          "client_type": 3
        }
      ],
      "api_key": [
        {
          "current_key": "AIzaSyDCpfYHOpLKSdLE4Cz8y92ob8kLIK5jPBo"
        }
      ],
      "services": {
        "appinvite_service": {
          "other_platform_oauth_client": [
            {
              "client_id": "33869564883-hu0l04sq8dgb0r0osgtg1l9saaani3li.apps.googleusercontent.com",
              "client_type": 3
            }
          ]
        }
      }
    }
  ],
  "configuration_version": "1"
}